date,mae,rmse,mape,bias
2023-01-03,23.8477783203125,23.847778779885875,0.05947076887858479,-23.8477783203125
2023-01-03,180.58758544921875,180.58758803728733,0.8682095454289362,180.58758544921875
2023-01-03,75.28387451171875,75.28387357923177,0.16366059676460598,-75.28387451171875
2023-01-03,148.76174926757812,148.76175111146682,0.5903244018554688,148.76174926757812
2023-01-03,10.643646240234375,10.643646393841205,0.029402337680205455,-10.643646240234375
2023-01-03,120.81781005859375,120.81781060495592,0.25705917033743353,-120.81781005859375
2023-01-04,146.51742553710938,146.51742377188455,0.6104892730712891,146.51742553710938
2023-01-04,69.64376831054688,69.64376780826301,0.26683436134309146,69.64376831054688
2023-01-04,29.179107666015625,29.179108093310422,0.09791646867790478,-29.179107666015625
2023-01-04,3.805908203125,3.8059082579387904,0.010068540219907407,-3.805908203125
2023-01-04,138.02206420898438,138.02206288760505,0.3136865095658736,-138.02206420898438
2023-01-04,0.386505126953125,0.38650512574832524,0.001171227657433712,0.386505126953125
2023-01-04,102.9278564453125,102.92785606767247,0.4809712918005257,102.9278564453125
2023-01-04,111.83859252929688,111.83859393675334,0.4820628988331762,111.83859252929688
2023-01-04,36.5574951171875,36.55749498328797,0.08766785399805156,-36.5574951171875
2023-01-04,124.61456298828125,124.61456200019322,0.25853643773502333,-124.61456298828125
2023-01-04,0.04339599609375,0.04339599609375,0.000108489990234375,-0.04339599609375
2023-01-04,96.06884765625,96.06884839953324,0.41055063100961536,96.06884765625
2023-01-05,86.73489379882812,86.73489433054755,0.25813956487746464,86.73489379882812
2023-01-05,118.00946044921875,118.00945903560019,0.5175853528474507,118.00946044921875
2023-01-05,36.151519775390625,36.15151965058834,0.11775739340518118,36.151519775390625
2023-01-05,199.85910034179688,199.8591007591348,0.41208061926143685,-199.85910034179688
2023-01-05,83.23519897460938,83.23519775029823,0.1935702301735102,-83.23519897460938
2023-01-05,72.71261596679688,72.71261590479845,0.16909910689952762,-72.71261596679688
2023-01-05,13.19281005859375,13.192809857403152,0.03674877453647284,-13.19281005859375
2023-01-05,86.4822998046875,86.48229869910519,0.21783954610752518,-86.4822998046875
2023-01-05,63.854766845703125,63.854766089492095,0.22405181349369518,63.854766845703125
2023-01-05,30.935455322265625,30.93545506972693,0.0928992652320289,30.935455322265625
2023-01-05,25.59429931640625,25.594299683123413,0.06936124475990854,-25.59429931640625
2023-01-05,154.29574584960938,154.29574762246367,0.32011565528964603,-154.29574584960938
2023-01-06,44.391754150390625,44.39175382452452,0.12365391128242514,44.391754150390625
2023-01-06,5.212554931640625,5.21255490939632,0.012322824897495567,-5.212554931640625
2023-01-06,15.108673095703125,15.108673110959417,0.037583763919659514,-15.108673095703125
2023-01-06,21.752960205078125,21.75296035439056,0.050354074548791955,-21.752960205078125
2023-01-06,138.17990112304688,138.1799028327745,0.49349964686802456,138.17990112304688
2023-01-06,111.19378662109375,111.1937884674769,0.34213472806490386,111.19378662109375
2023-01-06,103.02398681640625,103.02398461644745,0.41045413074265436,103.02398681640625
2023-01-06,21.90802001953125,21.908019860966796,0.0665897265031345,21.90802001953125
2023-01-06,81.33364868164062,81.3336498483638,0.1878375258236504,-81.33364868164062
2023-01-06,61.915252685546875,61.915252847390114,0.1388234365146791,-61.915252685546875
2023-01-06,6.651519775390625,6.651519670588268,0.021318973639072515,-6.651519775390625
2023-01-06,44.99810791015625,44.99810787037676,0.12128870056645889,-44.99810791015625
2023-01-07,60.6942138671875,60.694213872957036,0.15173553466796874,-60.6942138671875
2023-01-07,7.568878173828125,7.568878258422466,0.021875370444589957,7.568878173828125
2023-01-07,51.97161865234375,51.97161794927713,0.130581956412924,-51.97161865234375
2023-01-07,92.79434204101562,92.79434271043952,0.3124388620909617,92.79434204101562
2023-01-07,68.58245849609375,68.58245920742053,0.23014247817481123,68.58245849609375
2023-01-07,10.53314208984375,10.533142100984456,0.033868624083098875,10.53314208984375
2023-01-07,57.4725341796875,57.4725350507201,0.17522114079173018,57.4725341796875
2023-01-07,82.84326171875,82.84326079636774,0.18088048410207425,-82.84326171875
2023-01-07,72.29058837890625,72.29058859366653,0.16467104414329442,-72.29058837890625
2023-01-07,95.0234375,95.023439748109,0.1927453093306288,-95.0234375
2023-01-07,25.924072265625,25.924071731060835,0.07406877790178572,25.924072265625
2023-01-07,109.05648803710938,109.05648711934792,0.3335060796241877,109.05648803710938
2023-01-08,58.243408203125,58.24340887803851,0.19222246931724424,58.243408203125
2023-01-08,102.4893798828125,102.48938111915547,0.40509636317317194,102.4893798828125
2023-01-08,66.92718505859375,66.9271846626989,0.15710606821266138,-66.92718505859375
2023-01-08,1.51123046875,1.51123046875,0.004579486268939394,-1.51123046875
2023-01-08,102.04629516601562,102.04629483260281,0.22526775974837887,-102.04629516601562
2023-01-08,64.9248046875,64.92480626655731,0.1652030653625954,-64.9248046875
2023-01-08,224.03167724609375,224.03167500657133,0.9492867679919227,224.03167724609375
2023-01-08,58.45513916015625,58.45513813026298,0.2133399239421761,58.45513916015625
2023-01-08,14.151763916015625,14.151763676698845,0.04090105178039198,14.151763916015625
2023-01-08,117.49700927734375,117.49700794062801,0.5648894676795373,117.49700927734375
2023-01-08,51.31787109375,51.31787140734941,0.17220762111996643,51.31787109375
2023-01-08,10.4556884765625,10.45568834473403,0.028412196947180706,-10.4556884765625
2023-01-09,18.38446044921875,18.38446009005253,0.04955380174991577,18.38446044921875
2023-01-09,72.13690185546875,72.13690055633802,0.16973388671875,-72.13690185546875
2023-01-09,112.042236328125,112.04223708327588,0.23538284942883403,-112.042236328125
2023-01-09,166.8291015625,166.82910183403254,0.7548828125,166.8291015625
2023-01-09,48.086669921875,48.08667051126928,0.13897881480310695,-48.086669921875
2023-01-09,115.80682373046875,115.80682494190486,0.43373342221149347,115.80682373046875
2023-01-09,78.55978393554688,78.55978391287428,0.16967555925604078,-78.55978393554688
2023-01-09,15.443511962890625,15.443511904243913,0.04722786532994075,-15.443511962890625
2023-01-09,47.934326171875,47.93432702178315,0.14351594662238024,47.934326171875
2023-01-09,15.90240478515625,15.902404680090838,0.0406711119824968,-15.90240478515625
2023-01-09,102.3968505859375,102.3968516819487,0.34593530603357264,102.3968505859375
2023-01-09,76.64395141601562,76.64395220861363,0.17865722940796183,-76.64395141601562
2023-01-10,91.66796875,91.66796933260004,0.356684703307393,91.66796875
2023-01-10,38.734588623046875,38.7345892995282,0.0993194580078125,-38.734588623046875
2023-01-10,129.80609130859375,129.80609035692433,0.2606548018244854,-129.80609130859375
2023-01-10,44.62738037109375,44.62737979473756,0.09454953468452065,-44.62738037109375
2023-01-10,0.51959228515625,0.5195922815714293,0.0014845493861607142,-0.51959228515625
2023-01-10,22.876373291015625,22.876372749537484,0.06020098234477796,22.876373291015625
2023-01-10,20.22406005859375,20.22406002166147,0.05225855312298126,-20.22406005859375
2023-01-10,113.1522216796875,113.15221961891645,0.5214388095838134,113.1522216796875
2023-01-10,55.46722412109375,55.46722489100545,0.12839635213216147,-55.46722412109375
2023-01-10,145.23431396484375,145.23431364307473,0.30320316067817066,-145.23431396484375
2023-01-10,79.89031982421875,79.8903209338043,0.2219175550672743,-79.89031982421875
2023-01-10,147.20657348632812,147.20657387027592,0.6008431570870536,147.20657348632812
2023-01-11,15.181304931640625,15.181304798364973,0.04114174778222392,-15.181304931640625
2023-01-11,26.39813232421875,26.398132304391464,0.06786152268436697,-26.39813232421875
2023-01-11,3.249603271484375,3.2496032472670318,0.0095017639517087,3.249603271484375
2023-01-11,21.05255126953125,21.052550911999802,0.05554762867950198,21.05255126953125
2023-01-11,3.00921630859375,3.0092162980710877,0.008089291152133736,-3.00921630859375
2023-01-11,26.165618896484375,26.165618421935754,0.07673202022429436,-26.165618896484375
2023-01-11,83.06234741210938,83.06234715937782,0.3918035255288178,83.06234741210938
2023-01-11,114.33746337890625,114.3374639567561,0.24694916496524028,-114.33746337890625
2023-01-11,135.66604614257812,135.66604361676139,0.27857504341391814,-135.66604614257812
2023-01-11,105.67047119140625,105.67046913341021,0.41116914860469356,105.67047119140625
2023-01-11,113.93966674804688,113.9396684516635,0.4557586669921875,113.93966674804688
2023-01-11,66.48660278320312,66.4866021219219,0.14146085698553856,-66.48660278320312
2023-01-12,86.76751708984375,86.76751725606334,0.2892250569661458,86.76751708984375
2023-01-12,80.614013671875,80.61401330181373,0.2732678429555085,80.614013671875
2023-01-12,27.0533447265625,27.0533451515098,0.07887272515032799,27.0533447265625
2023-01-12,51.3890380859375,51.389038247014554,0.17016237776800497,51.3890380859375
2023-01-12,94.03170776367188,94.03170696133566,0.21970025178428007,-94.03170776367188
2023-01-12,145.153076171875,145.15307787169033,0.30366752337212344,-145.153076171875
2023-01-12,50.75091552734375,50.75091642106697,0.1590937790825823,50.75091552734375
2023-01-12,115.43505859375,115.4350593610429,0.4580756293402778,115.43505859375
2023-01-12,19.285552978515625,19.285553042429033,0.05970759436072949,19.285552978515625
2023-01-12,30.679931640625,30.679931204468787,0.093536376953125,30.679931640625
2023-01-12,101.4598388671875,101.45983753590629,0.41243836937881095,101.4598388671875
2023-01-12,68.76858520507812,68.76858413594466,0.15772611285568378,-68.76858520507812
2023-01-13,94.95989990234375,94.95990107671764,0.33319263123629383,94.95989990234375
2023-01-13,45.5130615234375,45.51306099025998,0.12893218561880312,45.5130615234375
2023-01-13,113.47760009765625,113.47760138293812,0.23206053189704753,-113.47760009765625
2023-01-13,156.16943359375,156.16943547994595,0.703465917088964,156.16943359375
2023-01-13,57.173614501953125,57.17361511768344,0.1473546765514256,-57.173614501953125
2023-01-13,73.39700317382812,73.39700346190912,0.2738694148277169,73.39700317382812
2023-01-13,107.68975830078125,107.68975802914129,0.4524779760537027,107.68975830078125
2023-01-13,113.95074462890625,113.95074576735995,0.2827561901461694,-113.95074462890625
2023-01-13,164.57852172851562,164.57852181785447,0.3633079949856857,-164.57852172851562
2023-01-13,0.502044677734375,0.5020446693866087,0.0017134630639398464,0.502044677734375
2023-01-13,72.52395629882812,72.52395549812317,0.2706117772344333,72.52395629882812
2023-01-13,152.56201171875,152.56201351827394,0.3420672908492152,-152.56201171875
2023-01-14,66.015869140625,66.01587093149458,0.17464515645667988,-66.015869140625
2023-01-14,101.53311157226562,101.53311113252661,0.22463077781474697,-101.53311157226562
2023-01-14,125.43426513671875,125.43426518624207,0.2812427469433156,-125.43426513671875
2023-01-14,50.098541259765625,50.09854059282815,0.14273088677995904,50.098541259765625
2023-01-14,162.20864868164062,162.20865107747798,0.7990573826681804,162.20864868164062
2023-01-14,33.45458984375,33.4545900397324,0.09318827254526463,-33.45458984375
2023-01-14,56.75970458984375,56.75970456670824,0.13710073572426026,-56.75970458984375
2023-01-14,2.82708740234375,2.8270873806014825,0.007809633708131906,-2.82708740234375
2023-01-14,126.76937866210938,126.76937952809227,0.48018704038677795,126.76937866210938
2023-01-14,69.37591552734375,69.3759149714438,0.2866773368898502,69.37591552734375
2023-01-14,20.98028564453125,20.980285836919098,0.060636663712518066,-20.98028564453125
2023-01-14,89.3134765625,89.31347587377982,0.42328661877962087,89.3134765625
2023-01-15,34.007049560546875,34.007048829870364,0.08174771528977615,-34.007049560546875
2023-01-15,127.62939453125,127.62939589025915,0.27565743959233263,-127.62939453125
2023-01-15,52.636077880859375,52.63607736738177,0.11749124526977539,-52.636077880859375
2023-01-15,95.6025390625,95.60254025456123,0.20471635773554603,-95.6025390625
2023-01-15,105.53271484375,105.53271671323068,0.36516510326557095,105.53271484375
2023-01-15,86.24444580078125,86.24444615270887,0.28369883487099096,86.24444580078125
2023-01-15,18.7572021484375,18.757202392722707,0.0479723840113491,18.7572021484375
2023-01-15,39.26434326171875,39.264342585007235,0.09438544053297776,-39.26434326171875
2023-01-15,6.9146728515625,6.914672962545306,0.0177755086158419,-6.9146728515625
2023-01-15,156.92648315429688,156.9264855752527,0.6677722687416888,156.92648315429688
2023-01-15,84.41830444335938,84.41830485926911,0.2861637438757945,84.41830444335938
2023-01-15,72.17718505859375,72.17718405727325,0.23059803533097045,72.17718505859375
2023-01-16,62.059814453125,62.05981513263534,0.20755790786998327,62.059814453125
2023-01-16,27.170562744140625,27.17056315119591,0.07921446864180941,-27.170562744140625
2023-01-16,81.03912353515625,81.03912237597807,0.20994591589418718,-81.03912353515625
2023-01-16,92.90109252929688,92.90109407994073,0.3282724117642999,92.90109252929688
2023-01-16,139.52224731445312,139.5222456501113,0.3006944985225283,-139.52224731445312
2023-01-16,49.31744384765625,49.31744321310793,0.11686598068164988,-49.31744384765625
2023-01-16,43.4842529296875,43.484252885653184,0.11443224455180921,-43.4842529296875
2023-01-16,119.12808227539062,119.12808233158124,0.27575944971155236,-119.12808227539062
2023-01-16,1.39019775390625,1.3901977740038778,0.003294307473711493,-1.39019775390625
2023-01-16,48.779449462890625,48.77944823706496,0.14221413837577443,48.779449462890625
2023-01-16,187.42556762695312,187.42556855989525,0.8367212840488979,187.42556762695312
2023-01-16,157.66839599609375,157.66839336285824,0.3250894762806057,-157.66839599609375
2023-01-17,72.19857788085938,72.19857869532474,0.209271240234375,72.19857788085938
2023-01-17,71.77960205078125,71.77960041095416,0.1733806812820803,-71.77960205078125
2023-01-17,40.18548583984375,40.185486074149026,0.11681827279024345,40.18548583984375
2023-01-17,31.01434326171875,31.01434289698931,0.09369892224084214,31.01434326171875
2023-01-17,97.83847045898438,97.83846999487216,0.20298437854561074,-97.83847045898438
2023-01-17,162.60513305664062,162.6051342593462,0.7817554473876953,162.60513305664062
2023-01-17,7.861846923828125,7.861846838476944,0.021598480559967378,-7.861846923828125
2023-01-17,18.23565673828125,18.23565695472232,0.04786261611097441,-18.23565673828125
2023-01-17,43.05914306640625,43.05914355569558,0.09547481832906042,-43.05914306640625
2023-01-17,26.6392822265625,26.63928240751804,0.07952024545242538,26.6392822265625
2023-01-17,18.476593017578125,18.476593056264374,0.05434292063993566,-18.476593017578125
2023-01-17,99.40472412109375,99.40472236330123,0.2199219560201189,-99.40472412109375
2023-01-18,36.660614013671875,36.66061388399767,0.11280188927283653,36.660614013671875
2023-01-18,34.396270751953125,34.396270052938696,0.12328412455897178,34.396270751953125
2023-01-18,40.495361328125,40.49536106244918,0.12460111177884615,40.495361328125
2023-01-18,71.88955688476562,71.88955694979279,0.21143987319048713,-71.88955688476562
2023-01-18,98.343505859375,98.34350671244137,0.21805655401191795,-98.343505859375
2023-01-18,76.27139282226562,76.27139172266689,0.31387404453607254,76.27139282226562
2023-01-18,23.01666259765625,23.016663195779895,0.07283753986600079,23.01666259765625
2023-01-18,47.9625244140625,47.96252504397313,0.1289315172421035,-47.9625244140625
2023-01-18,60.375396728515625,60.375396284931334,0.15056208660477713,-60.375396728515625
2023-01-18,134.67178344726562,134.6717798250621,0.6733589172363281,134.67178344726562
2023-01-18,131.6038818359375,131.60388304016718,0.33831332091500643,-131.6038818359375
2023-01-18,20.264678955078125,20.264679285952194,0.058568436286352964,20.264678955078125
2023-01-19,138.12704467773438,138.12704325411806,0.6546305434963714,138.12704467773438
2023-01-19,20.49761962890625,20.497619490691015,0.05958610357240189,-20.49761962890625
2023-01-19,37.14453125,37.14453104460248,0.10463248239436619,-37.14453125
2023-01-19,140.00930786132812,140.00930493631486,0.7000465393066406,140.00930786132812
2023-01-19,5.756744384765625,5.7567444099223195,0.015858799958032025,-5.756744384765625
2023-01-19,73.1024169921875,73.10241705242208,0.16652031205509682,-73.1024169921875
2023-01-19,29.543853759765625,29.543853750545033,0.1200969665031123,29.543853759765625
2023-01-19,48.36138916015625,48.36138929569099,0.2270487753997946,48.36138916015625
2023-01-19,101.94219970703125,101.94219888771529,0.24803454916552617,-101.94219970703125
2023-01-19,131.37261962890625,131.37262129150045,0.5473859151204427,131.37261962890625
2023-01-19,81.82595825195312,81.82595740159415,0.2170449821006714,-81.82595825195312
2023-01-19,125.23165893554688,125.23166033395869,0.26588462619012077,-125.23165893554688
2023-01-20,71.66195678710938,71.66195667965151,0.15924879286024304,-71.66195678710938
2023-01-20,156.51699829101562,156.5169968805305,0.7634975526391006,156.51699829101562
2023-01-20,142.19430541992188,142.1943061557846,0.2950089324064769,-142.19430541992188
2023-01-20,93.06393432617188,93.06393236809038,0.19348011294422426,-93.06393432617188
2023-01-20,120.90579223632812,120.90579364736828,0.4579764857436671,120.90579223632812
2023-01-20,73.81094360351562,73.8109421141693,0.23210988554564663,73.81094360351562
2023-01-20,15.7469482421875,15.74694843097212,0.047430566994540665,-15.7469482421875
2023-01-20,89.60171508789062,89.60171474450837,0.2045701257714398,-89.60171508789062
2023-01-20,157.85546875,157.85547063492922,0.7552893241626795,157.85546875
2023-01-20,107.8956298828125,107.89562918336868,0.3839702131060943,107.8956298828125
2023-01-20,136.92007446289062,136.92007676697745,0.5588574467873086,136.92007446289062
2023-01-20,36.36102294921875,36.36102341020533,0.12242768669770623,36.36102294921875
2023-01-21,57.087310791015625,57.08730977634171,0.14236237104991428,-57.087310791015625
2023-01-21,69.86383056640625,69.86382890912687,0.16594734101284145,-69.86383056640625
2023-01-21,93.6220703125,93.62206896279851,0.21522315014367815,-93.6220703125
2023-01-21,39.2178955078125,39.21789559577282,0.11400551019712936,39.2178955078125
2023-01-21,69.3065185546875,69.3065188469851,0.2186325506457019,69.3065185546875
2023-01-21,195.3702392578125,195.37024146476352,0.9768511962890625,195.3702392578125
2023-01-21,115.74786376953125,115.74786546357993,0.2577903424711164,-115.74786376953125
2023-01-21,119.34298706054688,119.34298899993037,0.24505746829681083,-119.34298706054688
2023-01-21,108.54629516601562,108.54629358740215,0.3692050855986926,108.54629516601562
2023-01-21,125.75057983398438,125.75057855855972,0.27396640486706836,-125.75057983398438
2023-01-21,111.87643432617188,111.87643591955592,0.23956409919951152,-111.87643432617188
2023-01-21,188.04525756835938,188.0452592628966,0.8470507097673846,188.04525756835938
2023-01-22,135.68182373046875,135.68182133441826,0.5924970468579421,135.68182373046875
2023-01-22,125.36141967773438,125.36141891173098,0.26559622813079314,-125.36141967773438
2023-01-22,52.145599365234375,52.1455997589322,0.11639642715454102,-52.145599365234375
2023-01-22,57.4063720703125,57.40637120632278,0.1264457534588381,-57.4063720703125
2023-01-22,56.599853515625,56.59985386051142,0.13317612591911765,-56.599853515625
2023-01-22,139.25057983398438,139.25058207912454,0.5195917157984492,139.25057983398438
2023-01-22,18.65972900390625,18.659728986237816,0.045959923654941504,-18.65972900390625
2023-01-22,40.968475341796875,40.968475876275896,0.12156817608841802,40.968475341796875
2023-01-22,61.43731689453125,61.437317204712805,0.203434824154077,61.43731689453125
2023-01-22,9.96307373046875,9.96307383647216,0.030009258224303465,9.96307373046875
2023-01-22,89.04000854492188,89.04000812485924,0.29979800856876054,89.04000854492188
2023-01-22,85.693359375,85.6933605991809,0.3233711674528302,85.693359375
2023-01-23,30.103485107421875,30.1034846421084,0.08385371896217793,30.103485107421875
2023-01-23,26.113372802734375,26.113373281905886,0.08882099592766794,26.113372802734375
2023-01-23,136.40432739257812,136.4043277355964,0.31071600772796837,-136.40432739257812
2023-01-23,36.924530029296875,36.924529765963165,0.09640869459346442,-36.924530029296875
2023-01-23,31.09063720703125,31.090637603336976,0.09685556762315031,31.09063720703125
2023-01-23,48.31829833984375,48.31829838668136,0.12263527497422272,-48.31829833984375
2023-01-23,14.89874267578125,14.898742704660938,0.03687807593015161,14.89874267578125
2023-01-23,99.13104248046875,99.13104391252773,0.22127464839390346,-99.13104248046875
2023-01-23,110.453369140625,110.45336703361514,0.5234756831309242,110.453369140625
2023-01-23,4.76446533203125,4.764465391063984,0.016372733099763746,-4.76446533203125
2023-01-23,182.33538818359375,182.33539237487602,0.880847285911081,182.33538818359375
2023-01-23,154.21051025390625,154.21050826508224,0.7710525512695312,154.21051025390625
2023-01-24,84.42889404296875,84.42889482428394,0.37523952907986113,84.42889404296875
2023-01-24,147.99966430664062,147.99966348145864,0.35835269807903297,-147.99966430664062
2023-01-24,54.04107666015625,54.041076860858816,0.1425885927708608,-54.04107666015625
2023-01-24,52.1917724609375,52.1917733093241,0.17056134791156047,52.1917724609375
2023-01-24,157.008056640625,157.00805487896153,0.7584930272493962,157.008056640625
2023-01-24,100.17684936523438,100.17685045551941,0.24023225267442297,-100.17684936523438
2023-01-24,126.47891235351562,126.47891144005985,0.5428279500150885,126.47891235351562
2023-01-24,0.4617919921875,0.4617919921875,0.0011127517884036145,0.4617919921875
2023-01-24,144.04568481445312,144.04568773916836,0.29947127820052627,-144.04568481445312
2023-01-24,77.6063232421875,77.6063219779001,0.23805620626437884,77.6063232421875
2023-01-24,4.40338134765625,4.403381279552707,0.012474168123672096,4.40338134765625
2023-01-24,133.90493774414062,133.9049409212558,0.5898895935865226,133.90493774414062
2023-01-25,184.5377197265625,184.53772480173262,0.8129414965927864,184.5377197265625
2023-01-25,66.20333862304688,66.20333704532952,0.1918937351392663,66.20333862304688
2023-01-25,27.232757568359375,27.232757993089063,0.08379310021033654,27.232757568359375
2023-01-25,105.9617919921875,105.96179201574263,0.2244953220173464,-105.9617919921875
2023-01-25,4.609283447265625,4.609283549807855,0.014868656281502015,4.609283447265625
2023-01-25,19.113128662109375,19.11312836835955,0.05556142052938772,-19.113128662109375
2023-01-25,42.7794189453125,42.77941953032512,0.10941027863251279,-42.7794189453125
2023-01-25,91.13058471679688,91.13058324802383,0.2085368071322583,-91.13058471679688
2023-01-25,116.22412109375,116.224119262903,0.2357487243280933,-116.22412109375
2023-01-25,216.57406616210938,216.57406174043558,1.0513304182626668,216.57406616210938
2023-01-25,116.09927368164062,116.09927224416612,0.5183003289358956,116.09927368164062
2023-01-25,27.068603515625,27.068603391212875,0.10176166735197369,27.068603515625
2023-01-26,136.15643310546875,136.156432895218,0.3181225072557681,-136.15643310546875
2023-01-26,53.8631591796875,53.86315986121103,0.17375212638608872,53.8631591796875
2023-01-26,139.464599609375,139.46460124346967,0.6870177320658867,139.464599609375
2023-01-26,67.7344970703125,67.73449574672051,0.2882319024268617,67.7344970703125
2023-01-26,69.20849609375,69.20849599556944,0.23540304793792516,69.20849609375
2023-01-26,26.889251708984375,26.889251762582806,0.08002753484816778,-26.889251708984375
2023-01-26,21.671905517578125,21.6719052755286,0.06209715048016655,-21.671905517578125
2023-01-26,115.56027221679688,115.56027326816296,0.26565579819953306,-115.56027221679688
2023-01-26,51.9835205078125,51.98352024394967,0.17327840169270833,51.9835205078125
2023-01-26,161.20794677734375,161.20794630887463,0.7863802281821647,161.20794677734375
2023-01-26,150.9642333984375,150.96423158732006,0.31385495509030664,-150.9642333984375
2023-01-26,105.00161743164062,105.00161829110064,0.4565287714419158,105.00161743164062
2023-01-27,34.7171630859375,34.71716250027229,0.10241051057798672,-34.7171630859375
2023-01-27,155.64846801757812,155.64846710616845,0.33984381663226665,-155.64846801757812
2023-01-27,34.84820556640625,34.84820599309956,0.10464926596518394,34.84820556640625
2023-01-27,76.9254150390625,76.92541537911902,0.20678875010500672,-76.9254150390625
2023-01-27,28.186492919921875,28.18649310493747,0.0701156540296564,-28.186492919921875
2023-01-27,58.585357666015625,58.58535773232933,0.20271750057444854,58.585357666015625
2023-01-27,105.86053466796875,105.8605362021183,0.252650440735009,-105.86053466796875
2023-01-27,53.27130126953125,53.27130130725877,0.12563986148474351,-53.27130126953125
2023-01-27,5.80010986328125,5.800109783317481,0.0182968765403194,5.80010986328125
2023-01-27,112.46624755859375,112.46624927756105,0.47454112893921413,112.46624755859375
2023-01-27,81.53863525390625,81.53863396038102,0.3124085641912117,81.53863525390625
2023-01-27,65.78274536132812,65.78274567777062,0.17449004074622845,-65.78274536132812
2023-01-28,93.11087036132812,93.1108682650017,0.20066997922700028,-93.11087036132812
2023-01-28,15.743133544921875,15.743133501352462,0.046854564121791294,15.743133544921875
2023-01-28,156.15277099609375,156.15276974808995,0.318679124481824,-156.15277099609375
2023-01-28,126.5838623046875,126.58386393760857,0.5409566765157585,126.5838623046875
2023-01-28,118.24212646484375,118.24212529937247,0.44120196442105875,118.24212646484375
2023-01-28,51.575714111328125,51.57571326912261,0.12050400493300964,-51.575714111328125
2023-01-28,119.97055053710938,119.97054895759834,0.5658988232882518,119.97055053710938
2023-01-28,164.49380493164062,164.4938021248825,0.806342181037454,164.49380493164062
2023-01-28,46.284759521484375,46.28476048046889,0.13734350006375184,-46.284759521484375
2023-01-28,111.28170776367188,111.28170633155523,0.4695430707327927,111.28170776367188
2023-01-28,42.871063232421875,42.87106367453387,0.1429035441080729,42.871063232421875
2023-01-28,58.41326904296875,58.41326996001743,0.22553385730875966,58.41326904296875
2023-01-29,68.52481079101562,68.52481231162731,0.18128256823020006,-68.52481079101562
2023-01-29,83.73193359375,83.73193310257294,0.1947254269622093,-83.73193359375
2023-01-29,31.604705810546875,31.604705691953534,0.09548249489591201,31.604705810546875
2023-01-29,91.01254272460938,91.0125442075157,0.22925073734158533,-91.01254272460938
2023-01-29,41.092620849609375,41.0926211822147,0.14268271128336588,41.092620849609375
2023-01-29,13.354522705078125,13.354522716201394,0.035329425145709324,13.354522705078125
2023-01-29,159.01663208007812,159.01663140219014,0.32189601635643345,-159.01663208007812
2023-01-29,41.54412841796875,41.54412775328482,0.13710933471276815,41.54412841796875
2023-01-29,205.57550048828125,205.5754974607869,0.9606331798517815,205.57550048828125
2023-01-29,8.28192138671875,8.28192158980792,0.02352818575772372,-8.28192138671875
2023-01-29,64.57473754882812,64.57473943157842,0.2331217962051557,64.57473754882812
2023-01-29,100.27557373046875,100.27557244756821,0.3827311974445372,100.27557373046875
2023-01-30,42.384674072265625,42.384673778254594,0.12652141514109141,-42.384674072265625
2023-01-30,87.87054443359375,87.87054353920317,0.20578581834565282,-87.87054443359375
2023-01-30,60.243408203125,60.24340885563229,0.20490955171130953,60.243408203125
2023-01-30,50.102508544921875,50.102509663782065,0.13468416275516634,-50.102508544921875
2023-01-30,91.15740966796875,91.1574070032847,0.37055857588605184,91.15740966796875
2023-01-30,35.617828369140625,35.6178275400378,0.09299694091159433,-35.617828369140625
2023-01-30,37.297088623046875,37.29708937674041,0.12600367778056376,37.297088623046875
2023-01-30,51.920928955078125,51.92092987403418,0.14584530605359025,-51.920928955078125
2023-01-30,150.93722534179688,150.93722826062495,0.31379880528440096,-150.93722534179688
2023-01-30,117.4808349609375,117.48083703443936,0.24073941590356046,-117.4808349609375
2023-01-30,197.4949951171875,197.49499598091086,0.9449521297473086,197.4949951171875
2023-01-30,0.229248046875,0.229248046875,0.0007231799585962145,0.229248046875
2023-01-31,78.77114868164062,78.77114981367703,0.1888996371262365,-78.77114868164062
2023-01-31,83.35275268554688,83.35275131838031,0.31101773390129434,83.35275268554688
2023-01-31,1.860626220703125,1.8606262484832357,0.005028719515413851,-1.860626220703125
2023-01-31,68.20941162109375,68.20941229611387,0.20545003500329442,68.20941162109375
2023-01-31,134.02719116210938,134.02718794847186,0.5361087646484375,134.02719116210938
2023-01-31,66.52560424804688,66.5256059724374,0.21459872338079636,66.52560424804688
2023-01-31,93.00588989257812,93.00589069045573,0.3049373439100922,93.00588989257812
2023-01-31,70.23046875,70.23046951043578,0.17171263753056235,-70.23046875
2023-01-31,78.54122924804688,78.54122872335904,0.17338019701555601,-78.54122924804688
2023-01-31,162.99063110351562,162.99062952360177,0.687724181871374,162.99063110351562
2023-01-31,175.56460571289062,175.56460816640978,0.36124404467672966,-175.56460571289062
2023-01-31,154.15158081054688,154.1515779496759,0.6943764901375985,154.15158081054688
2023-02-01,148.31564331054688,148.31564076952571,0.30268498634805485,-148.31564331054688
2023-02-01,22.835113525390625,22.83511293627645,0.06796164739699591,-22.835113525390625
2023-02-01,126.95794677734375,126.95794702380785,0.2575211902177358,-126.95794677734375
2023-02-01,73.85894775390625,73.85894693920805,0.23902572088642798,73.85894775390625
2023-02-01,54.2230224609375,54.22302306648671,0.14306866084680078,54.2230224609375
2023-02-01,34.717254638671875,34.71725391972358,0.10986472986921479,34.717254638671875
2023-02-01,113.47152709960938,113.47152554440696,0.25215894911024306,-113.47152709960938
2023-02-01,56.219207763671875,56.21920815196862,0.1495191695842337,-56.219207763671875
2023-02-01,154.406494140625,154.4064934980877,0.772032470703125,154.406494140625
2023-02-01,104.74227905273438,104.74228044347707,0.22969798037880346,-104.74227905273438
2023-02-01,137.95791625976562,137.95791647727216,0.27870286113083964,-137.95791625976562
2023-02-01,169.90005493164062,169.90005678891046,0.7865743283872251,169.90005493164062
2023-02-02,135.76547241210938,135.76547304773405,0.5877293178013393,135.76547241210938
2023-02-02,4.675537109375,4.675537103000904,0.013474170344020172,4.675537109375
2023-02-02,47.0477294921875,47.047728633072715,0.11971432440760178,-47.0477294921875
2023-02-02,79.74734497070312,79.74734578753232,0.19262643712730224,-79.74734497070312
2023-02-02,78.30850219726562,78.30850323998985,0.2988874129666627,78.30850219726562
2023-02-02,40.1092529296875,40.10925326237856,0.11492622615956304,40.1092529296875
2023-02-02,80.72250366210938,80.7225034212502,0.3254939663794733,80.72250366210938
2023-02-02,112.35934448242188,112.3593434935987,0.2316687515101482,-112.35934448242188
2023-02-02,85.71685791015625,85.71685880159457,0.1879755655924479,-85.71685791015625
2023-02-02,192.7586669921875,192.758663472618,0.8842140687715023,192.7586669921875
2023-02-02,5.882659912109375,5.882659788543286,0.02078678414172924,-5.882659912109375
2023-02-02,64.6832275390625,64.68322751591018,0.23351345681972022,64.6832275390625
2023-02-03,24.70361328125,24.703612967587226,0.07463327275302115,-24.70361328125
2023-02-03,85.15545654296875,85.15545584492077,0.33525770292507384,85.15545654296875
2023-02-03,94.40179443359375,94.40179669238293,0.21166321621882006,-94.40179443359375
2023-02-03,145.34109497070312,145.3410926170744,0.31391165220454237,-145.34109497070312
2023-02-03,80.4490966796875,80.44909650770634,0.28129054783107516,80.4490966796875
2023-02-03,10.88433837890625,10.884338228140045,0.03477424402206469,-10.88433837890625
2023-02-03,84.02621459960938,84.02621486867208,0.31588802481056155,84.02621459960938
2023-02-03,139.45770263671875,139.45770388140986,0.29990903792842744,-139.45770263671875
2023-02-03,31.883575439453125,31.883575363024885,0.11109259735001088,31.883575439453125
2023-02-03,98.66616821289062,98.66616793669702,0.21732636170240227,-98.66616821289062
2023-02-03,95.5655517578125,95.56555035190506,0.2133159637451172,-95.5655517578125
2023-02-03,149.77267456054688,149.77267279322018,0.7235394906306613,149.77267456054688
2023-02-04,59.467681884765625,59.46768259683153,0.25305396546708775,59.467681884765625
2023-02-04,26.36956787109375,26.36956817956188,0.06248712765662026,-26.36956787109375
2023-02-04,44.0733642578125,44.07336413051822,0.1551879023162412,44.0733642578125
2023-02-04,82.91033935546875,82.91034019782303,0.2277756575699691,-82.91033935546875
2023-02-04,19.917144775390625,19.917144812214,0.05055112887154981,19.917144775390625
2023-02-04,141.55010986328125,141.55010983305525,0.3110991425566621,-141.55010986328125
2023-02-04,179.71682739257812,179.71682912814538,0.820624782614512,179.71682739257812
2023-02-04,127.095947265625,127.09594754677468,0.29904928768382355,-127.095947265625
2023-02-04,46.335540771484375,46.335541670244886,0.16489516288784475,46.335540771484375
2023-02-04,25.28375244140625,25.28375224212985,0.06384785970052083,-25.28375244140625
2023-02-04,93.49542236328125,93.49541996636788,0.20237104407636633,-93.49542236328125
2023-02-04,41.84344482421875,41.843445142186695,0.13117067343015282,41.84344482421875
2023-02-05,97.09689331054688,97.09689305340825,0.21819526586639748,-97.09689331054688
2023-02-05,87.84820556640625,87.84820504089,0.18339917654782098,-87.84820556640625
2023-02-05,19.203521728515625,19.203521500941157,0.045398396521313535,-19.203521728515625
2023-02-05,58.726043701171875,58.7260444012333,0.17022041652513586,58.726043701171875
2023-02-05,106.16253662109375,106.16253753090118,0.22117195129394532,-106.16253662109375
2023-02-05,178.95001220703125,178.95001375209503,0.7487448209499216,178.95001220703125
2023-02-05,148.79730224609375,148.7973007777695,0.7329916366802648,148.79730224609375
2023-02-05,131.68017578125,131.68017302825055,0.5486673990885417,131.68017578125
2023-02-05,102.22598266601562,102.22598185973808,0.44835957309655977,102.22598266601562
2023-02-05,121.42483520507812,121.42483368065612,0.2932967033939085,-121.42483520507812
2023-02-05,55.95208740234375,55.952086523454376,0.13713746912339153,-55.95208740234375
2023-02-05,1.386871337890625,1.3868713294965282,0.003884793663559174,1.386871337890625
2023-02-06,94.62844848632812,94.6284469319348,0.4187099490545492,94.62844848632812
2023-02-06,48.76788330078125,48.767882837830626,0.1310964604859711,-48.76788330078125
2023-02-06,138.08322143554688,138.08322332021368,0.2870753044398064,-138.08322143554688
2023-02-06,117.21893310546875,117.21893328431419,0.2515427749044394,-117.21893310546875
2023-02-06,9.7183837890625,9.718383782162666,0.024982991745661955,-9.7183837890625
2023-02-06,148.87057495117188,148.87057219485993,0.3013574391724127,-148.87057495117188
2023-02-06,82.0550537109375,82.0550530941346,0.3798845079210069,82.0550537109375
2023-02-06,98.23931884765625,98.23931935425601,0.23502229389391446,-98.23931884765625
2023-02-06,38.49127197265625,38.49127177594536,0.0981920203384088,38.49127197265625
2023-02-06,23.847076416015625,23.84707622400687,0.0656944253884728,23.847076416015625
2023-02-06,14.816925048828125,14.816925289155442,0.05387972745028409,14.816925048828125
2023-02-06,84.1168212890625,84.11682143565281,0.1801216729958512,-84.1168212890625
2023-02-07,128.54470825195312,128.5447089051121,0.5738603046962193,128.54470825195312
2023-02-07,74.5665283203125,74.56652729065166,0.2867943396935096,74.5665283203125
2023-02-07,98.3621826171875,98.36218348849826,0.36162567138671875,98.3621826171875
2023-02-07,141.52435302734375,141.52435330403387,0.2900089201379995,-141.52435302734375
2023-02-07,28.176605224609375,28.17660521679233,0.06331821398788623,-28.176605224609375
2023-02-07,89.9521484375,89.95214928036044,0.4164451316550926,89.9521484375
2023-02-07,18.798126220703125,18.798125900033643,0.054173274411248196,-18.798126220703125
2023-02-07,76.25619506835938,76.2561953169626,0.25334284075866903,76.25619506835938
2023-02-07,51.87103271484375,51.87103241604364,0.12967758178710936,-51.87103271484375
2023-02-07,94.75665283203125,94.75665275951604,0.19990855027854695,-94.75665283203125
2023-02-07,66.601318359375,66.60132010586389,0.22424686316287878,66.601318359375
2023-02-07,152.9410400390625,152.94103745398093,0.35733887859594043,-152.9410400390625
2023-02-08,130.49044799804688,130.4904510395301,0.5799575466579862,130.49044799804688
2023-02-08,23.837982177734375,23.837982080042714,0.08513565063476562,23.837982177734375
2023-02-08,126.3016357421875,126.30163702670286,0.5847297951027199,126.3016357421875
2023-02-08,33.63079833984375,33.63079897428007,0.12054049584173387,33.63079833984375
2023-02-08,166.68893432617188,166.68893536127405,0.3600192966008032,-166.68893432617188
2023-02-08,97.8978271484375,97.89782620160675,0.24659402304392317,-97.8978271484375
2023-02-08,31.185302734375,31.18530314626136,0.08316080729166667,31.185302734375
2023-02-08,85.80810546875,85.80810428927299,0.19110936630011136,-85.80810546875
2023-02-08,68.06015014648438,68.06015047023662,0.2153802219825455,68.06015014648438
2023-02-08,120.4635009765625,120.46350102053734,0.2504438689741424,-120.4635009765625
2023-02-08,119.94488525390625,119.94488480391733,0.25794598979334676,-119.94488525390625
2023-02-08,76.85958862304688,76.85958941065844,0.2668735716078017,76.85958862304688
2023-02-09,8.569976806640625,8.569976883526564,0.02441588833800748,8.569976806640625
2023-02-09,43.85894775390625,43.85894777356939,0.14522830382088162,43.85894775390625
2023-02-09,133.66336059570312,133.66336271114085,0.6584401999788331,133.66336059570312
2023-02-09,0.20416259765625,0.20416259765625,0.0006186745383522727,-0.20416259765625
2023-02-09,87.34030151367188,87.3403006921776,0.22568553362705912,-87.34030151367188
2023-02-09,51.408172607421875,51.40817340626634,0.1345763680822562,-51.408172607421875
2023-02-09,112.00186157226562,112.00186155679512,0.2738431823282778,-112.00186157226562
2023-02-09,105.613037109375,105.61303556498127,0.24791792748679578,-105.613037109375
2023-02-09,48.663726806640625,48.663725742332964,0.1585137680998066,48.663726806640625
2023-02-09,52.212982177734375,52.212982644555225,0.12372744591880183,-52.212982177734375
2023-02-09,41.181488037109375,41.18148755195941,0.09947219332635114,-41.181488037109375
2023-02-09,117.87698364257812,117.87698417603625,0.4952814438763787,117.87698364257812
2023-02-10,46.1229248046875,46.12292508883191,0.1176605224609375,-46.1229248046875
2023-02-10,111.94326782226562,111.94326653209205,0.24073821037046372,-111.94326782226562
2023-02-10,176.83847045898438,176.83846795875607,0.7756073265744928,176.83847045898438
2023-02-10,117.34103393554688,117.34103275815328,0.24913170686952626,-117.34103393554688
2023-02-10,8.728057861328125,8.728057815178452,0.02574648336674963,-8.728057861328125
2023-02-10,147.20571899414062,147.20571808696835,0.3112171648924749,-147.20571899414062
2023-02-10,153.23049926757812,153.23049937104557,0.5804185578317353,153.23049926757812
2023-02-10,78.89227294921875,78.89227289574214,0.23135563914726906,78.89227294921875
2023-02-10,135.11773681640625,135.11773656472712,0.30026163736979167,-135.11773681640625
2023-02-10,68.9364013671875,68.9364021331437,0.19981565613677535,68.9364013671875
2023-02-10,14.428253173828125,14.428252986863297,0.036343206986972604,-14.428253173828125
2023-02-10,109.90469360351562,109.90469504160184,0.24753309370161178,-109.90469360351562
2023-02-11,145.05166625976562,145.05166778815402,0.6973637800950271,145.05166625976562
2023-02-11,178.06967163085938,178.06967342517927,0.8479508172898066,178.06967163085938
2023-02-11,35.22503662109375,35.22503687231924,0.11511449876174427,35.22503662109375
2023-02-11,84.13006591796875,84.13006694436002,0.34199213787792176,84.13006591796875
2023-02-11,39.8919677734375,39.89196837240549,0.11596502259720204,-39.8919677734375
2023-02-11,128.19534301757812,128.19534654190846,0.27929268631280635,-128.19534301757812
2023-02-11,123.54034423828125,123.54034481445727,0.2962598183172212,-123.54034423828125
2023-02-11,87.88592529296875,87.88592626328888,0.1988369350519655,-87.88592529296875
2023-02-11,144.16363525390625,144.1636372213014,0.32764462557705964,-144.16363525390625
2023-02-11,31.993011474609375,31.99301166520833,0.09088923714377663,31.993011474609375
2023-02-11,111.81805419921875,111.81805464123403,0.24414422314239903,-111.81805419921875
2023-02-11,12.48828125,12.48828125,0.033125414456233425,-12.48828125
2023-02-12,66.1884765625,66.18847747743749,0.2074873873432602,66.1884765625
2023-02-12,136.64974975585938,136.64975044571065,0.6100435256958008,136.64974975585938
2023-02-12,74.61111450195312,74.6111141813001,0.17555556353400736,-74.61111450195312
2023-02-12,1.661224365234375,1.6612243806515403,0.004627365919872911,1.661224365234375
2023-02-12,87.31765747070312,87.31765878192252,0.20545331169577205,-87.31765747070312
2023-02-12,166.90383911132812,166.903836459801,0.7042356080646757,166.90383911132812
2023-02-12,105.34027099609375,105.34026896503065,0.3945328501726358,105.34027099609375
2023-02-12,51.941925048828125,51.941925484591685,0.13851180013020833,-51.941925048828125
2023-02-12,53.1947021484375,53.19470151745613,0.1791067412405303,53.1947021484375
2023-02-12,150.41415405273438,150.41415481513036,0.7231449714073768,150.41415405273438
2023-02-12,33.219085693359375,33.21908623712711,0.1031648624017372,33.219085693359375
2023-02-12,122.33139038085938,122.33138906266045,0.518353349071438,122.33139038085938
2023-02-13,16.148529052734375,16.148529155823585,0.04400144156058413,-16.148529052734375
2023-02-13,105.70648193359375,105.70648206975058,0.4422865352870031,105.70648193359375
2023-02-13,78.62435913085938,78.62436034119769,0.17055175516455395,-78.62435913085938
2023-02-13,38.068939208984375,38.0689393157335,0.08771644979028657,-38.068939208984375
2023-02-13,85.35626220703125,85.35626166983884,0.20178785391733156,-85.35626220703125
2023-02-13,24.953826904296875,24.953826989969144,0.06481513481635552,-24.953826904296875
2023-02-13,150.15402221679688,150.15402248607927,0.6153853369540856,150.15402221679688
2023-02-13,76.53463745117188,76.5346377874097,0.2733379908970424,76.53463745117188
2023-02-13,146.14544677734375,146.1454487402875,0.30257856475640527,-146.14544677734375
2023-02-13,19.981048583984375,19.981048760520867,0.05163061649608366,-19.981048583984375
2023-02-13,33.023468017578125,33.02346799590501,0.12799793805262838,33.023468017578125
2023-02-13,39.156768798828125,39.15676906329942,0.10040197127904647,-39.156768798828125
2023-02-14,168.9490966796875,168.94909551400386,0.8007066193350119,168.9490966796875
2023-02-14,16.74749755859375,16.747497371634086,0.046650411026723536,16.74749755859375
2023-02-14,82.2528076171875,82.25280794029162,0.3175784077883687,82.2528076171875
2023-02-14,68.560546875,68.56054862765467,0.15870496961805555,-68.560546875
2023-02-14,115.09664916992188,115.09664756738138,0.2727408748102414,-115.09664916992188
2023-02-14,122.16220092773438,122.16220166493808,0.517636444609044,122.16220092773438
2023-02-14,117.03158569335938,117.0315837778952,0.25608662077321526,-117.03158569335938
2023-02-14,167.1922607421875,167.19226044624494,0.788642739349941,167.1922607421875
2023-02-14,78.70831298828125,78.7083129990489,0.288308838784913,78.70831298828125
2023-02-14,47.246368408203125,47.24636746122658,0.13234276865042893,47.246368408203125
2023-02-14,30.04998779296875,30.049987853899896,0.0830110160026761,-30.04998779296875
2023-02-14,79.06143188476562,79.06143156392692,0.17647641045706614,-79.06143188476562
2023-02-15,107.79168701171875,107.79168730269743,0.24442559413088152,-107.79168701171875
2023-02-15,7.32769775390625,7.327697871597334,0.022970839353938087,7.32769775390625
2023-02-15,98.16851806640625,98.16851642551954,0.430563675729852,98.16851806640625
2023-02-15,2.34014892578125,2.340148905882461,0.0058068211557847395,-2.34014892578125
2023-02-15,11.0858154296875,11.08581534298888,0.026084271599264706,-11.0858154296875
2023-02-15,1.73944091796875,1.739440942597835,0.004437349280532525,-1.73944091796875
2023-02-15,121.6263427734375,121.626340884181,0.2855078468860035,-121.6263427734375
2023-02-15,93.429931640625,93.42993280394673,0.19921094166444564,-93.429931640625
2023-02-15,47.461334228515625,47.461332945883434,0.14252652921476164,47.461334228515625
2023-02-15,108.84774780273438,108.84774701963289,0.42353209261764346,108.84774780273438
2023-02-15,41.61077880859375,41.61077876199492,0.10534374381922468,-41.61077880859375
2023-02-15,2.624969482421875,2.6249694822444782,0.006713476937140346,2.624969482421875
2023-02-16,49.689666748046875,49.689666815961345,0.12208763328758446,-49.689666748046875
2023-02-16,3.875518798828125,3.8755187641034547,0.01070585303543681,3.875518798828125
2023-02-16,75.1572265625,75.15722777430491,0.27429644730839414,75.1572265625
2023-02-16,174.357421875,174.3574195886857,0.3709732380319149,-174.357421875
2023-02-16,93.49594116210938,93.49594221642724,0.20503495868883634,-93.49594116210938
2023-02-16,49.827178955078125,49.827179357599356,0.16720529850697358,49.827178955078125
2023-02-16,101.16348266601562,101.16348058804373,0.45775331523083995,101.16348266601562
2023-02-16,81.48495483398438,81.48495475584741,0.21787421078605448,-81.48495483398438
2023-02-16,154.89297485351562,154.89297590392857,0.32336737965243345,-154.89297485351562
2023-02-16,45.50054931640625,45.50054998379827,0.16077932620638252,45.50054931640625
2023-02-16,71.3753662109375,71.37536599621573,0.32443348277698864,71.3753662109375
2023-02-16,112.4124755859375,112.41247463304506,0.25841948410560345,-112.4124755859375
2023-02-17,101.80917358398438,101.80917159998405,0.4155476472815689,101.80917358398438
2023-02-17,43.953094482421875,43.95309444986496,0.1044016496019522,-43.953094482421875
2023-02-17,22.960235595703125,22.96023571996608,0.06674487091774164,-22.960235595703125
2023-02-17,14.733642578125,14.733642818831012,0.038772743626644735,14.733642578125
2023-02-17,145.51968383789062,145.51968428918818,0.7029936417289402,145.51968383789062
2023-02-17,56.86614990234375,56.86615015282048,0.1407577967879796,-56.86614990234375
2023-02-17,81.38430786132812,81.38430906334925,0.17242438106213587,-81.38430786132812
2023-02-17,50.314300537109375,50.3143002395318,0.13489088615847017,-50.314300537109375
2023-02-17,68.2459716796875,68.24597200796909,0.14337389008337711,-68.2459716796875
2023-02-17,42.02197265625,42.02197272149714,0.11512869220890411,42.02197265625
2023-02-17,92.1300048828125,92.13000325626825,0.3399631176487546,92.1300048828125
2023-02-17,99.7393798828125,99.73938207116335,0.2414997091593523,-99.7393798828125
2023-02-18,42.23828125,42.23828106937251,0.09961858785377359,-42.23828125
2023-02-18,31.762939453125,31.762939699890914,0.10803720902423469,31.762939453125
2023-02-18,80.11251831054688,80.11251852862947,0.27720594571123486,80.11251831054688
2023-02-18,63.043548583984375,63.04354854917254,0.15154699178842398,-63.043548583984375
2023-02-18,63.255096435546875,63.255096833303675,0.2581840670838648,63.255096435546875
2023-02-18,77.57321166992188,77.5732107582492,0.32322171529134114,77.57321166992188
2023-02-18,27.657318115234375,27.657318129091077,0.09158052356037873,27.657318115234375
2023-02-18,20.812225341796875,20.81222506504778,0.059977594644947764,-20.812225341796875
2023-02-18,148.95159912109375,148.95159658425953,0.3196386247233771,-148.95159912109375
2023-02-18,101.45333862304688,101.45334037594573,0.23005292204772534,-101.45333862304688
2023-02-18,6.896087646484375,6.896087764721403,0.02189234173487103,6.896087646484375
2023-02-18,46.2440185546875,46.24401882777653,0.1657491704469086,46.2440185546875
2023-02-19,66.53634643554688,66.53634682802138,0.16510259661426024,-66.53634643554688
2023-02-19,143.22940063476562,143.22940378768251,0.6724385006327025,143.22940063476562
2023-02-19,139.52899169921875,139.52899284288551,0.3026659255948346,-139.52899169921875
2023-02-19,114.70263671875,114.7026386466327,0.4053096703842756,114.70263671875
2023-02-19,121.71469116210938,121.71469024038348,0.6025479760500464,121.71469116210938
2023-02-19,34.68084716796875,34.680846419867514,0.10140598587125366,34.68084716796875
2023-02-19,127.71380615234375,127.71380663910226,0.6052787021438092,127.71380615234375
2023-02-19,103.16259765625,103.16259731305237,0.24446113188684834,-103.16259765625
2023-02-19,8.67218017578125,8.672180280381035,0.026932236570749224,-8.67218017578125
2023-02-19,24.526229858398438,24.526229830673756,0.11097841564886171,24.526229858398438
2023-02-19,89.93173217773438,89.93173137771645,0.43656180668803096,89.93173217773438
2023-02-19,82.46932983398438,82.46933023668556,0.20262734602944563,-82.46932983398438
2023-02-20,80.58267211914062,80.58267118016906,0.19654310272961129,-80.58267211914062
2023-02-20,138.30874633789062,138.3087437357089,0.2771718363484782,-138.30874633789062
2023-02-20,12.73590087890625,12.735900862379825,0.031760351318968205,-12.73590087890625
2023-02-20,90.13040161132812,90.13040140714175,0.30866575894290454,90.13040161132812
2023-02-20,2.086822509765625,2.086822550600921,0.005609737929477486,2.086822509765625
2023-02-20,65.13552856445312,65.13552952906156,0.29078360966273714,65.13552856445312
2023-02-20,12.717315673828125,12.717315667932898,0.03961780583747079,12.717315673828125
2023-02-20,8.568603515625,8.56860356779626,0.02243089925556283,-8.568603515625
2023-02-20,95.6751708984375,95.67517066224653,0.23222128858844054,-95.6751708984375
2023-02-20,99.64385986328125,99.6438580018859,0.3862165110979893,99.64385986328125
2023-02-20,125.41738891601562,125.41738908291386,0.5624098157668862,125.41738891601562
2023-02-20,198.66937255859375,198.6693724036244,0.9786668598945505,198.66937255859375
2023-02-21,148.04638671875,148.04638604800525,0.3297246920239421,-148.04638671875
2023-02-21,83.60195922851562,83.60195929316639,0.28339647196106993,83.60195922851562
2023-02-21,35.23687744140625,35.236878029164096,0.12320586517974214,35.23687744140625
2023-02-21,117.17987060546875,117.17987058497931,0.5501402375843604,117.17987060546875
2023-02-21,120.98281860351562,120.98282015822535,0.584458060886549,120.98281860351562
2023-02-21,93.57763671875,93.57763842960827,0.4272951448344749,93.57763671875
2023-02-21,77.494140625,77.4941404034847,0.18276919958726415,-77.494140625
2023-02-21,172.2462158203125,172.2462184363564,0.3736360429941703,-172.2462158203125
2023-02-21,155.34173583984375,155.34173517603054,0.3157352354468369,-155.34173583984375
2023-02-21,62.637542724609375,62.637542016923646,0.16269491616781656,-62.637542724609375
2023-02-21,141.98233032226562,141.98233137216405,0.5915930430094402,141.98233032226562
2023-02-21,70.3663330078125,70.3663335582969,0.32426881570420507,70.3663330078125
2023-02-22,142.36026000976562,142.3602590591033,0.3074735637359949,-142.36026000976562
2023-02-22,217.08517456054688,217.08517373660044,1.0854258728027344,217.08517456054688
2023-02-22,74.0374755859375,74.03747599400252,0.17218017578125,-74.0374755859375
2023-02-22,43.30078125,43.30078107380469,0.10990046002538072,-43.30078125
2023-02-22,37.34765625,37.34765604571959,0.10856876816860465,37.34765625
2023-02-22,144.5899658203125,144.58996442526708,0.5456225125294811,144.5899658203125
2023-02-22,54.621490478515625,54.62149141335075,0.16602276741190158,-54.621490478515625
2023-02-22,85.83184814453125,85.83184698601825,0.18822773715905977,-85.83184814453125
2023-02-22,6.86737060546875,6.867370533592482,0.018918376323605372,-6.86737060546875
2023-02-22,109.88189697265625,109.8818968256373,0.3763078663447132,109.88189697265625
2023-02-22,151.41888427734375,151.41888169701625,0.31156149028260033,-151.41888427734375
2023-02-22,109.98443603515625,109.9844360438103,0.23909660007642664,-109.98443603515625
2023-02-23,200.47406005859375,200.47405731478077,0.4220506527549342,-200.47406005859375
2023-02-23,150.49298095703125,150.4929789682894,0.33894815530862893,-150.49298095703125
2023-02-23,122.84957885742188,122.84957694142662,0.24969426597036967,-122.84957885742188
2023-02-23,75.516357421875,75.51635726677863,0.23598861694335938,75.516357421875
2023-02-23,35.545989990234375,35.54599071702303,0.0875516994833359,-35.545989990234375
2023-02-23,47.406005859375,47.40600537593444,0.14860816883816613,47.406005859375
2023-02-23,103.21267700195312,103.2126757976582,0.4410798162476629,103.21267700195312
2023-02-23,31.21478271484375,31.214782890458128,0.09487775901168313,31.21478271484375
2023-02-23,84.96701049804688,84.9670116363183,0.22478045105303407,-84.96701049804688
2023-02-23,3.32513427734375,3.325134223007123,0.008250953541795905,-3.32513427734375
2023-02-23,6.552703857421875,6.552703811869857,0.014561564127604166,-6.552703857421875
2023-02-23,88.35995483398438,88.35995385530993,0.18256189015286028,-88.35995483398438
2023-02-24,13.75506591796875,13.755066094414769,0.043945897501497605,-13.75506591796875
2023-02-24,166.80364990234375,166.8036481353151,0.33834411744897314,-166.80364990234375
2023-02-24,76.76193237304688,76.7619309486724,0.24138972444354362,76.76193237304688
2023-02-24,150.100830078125,150.10083199511254,0.7357883827359069,150.100830078125
2023-02-24,53.5655517578125,53.56555152844853,0.11903455946180555,-53.5655517578125
2023-02-24,31.311431884765625,31.311431805632107,0.083720406108999,31.311431884765625
2023-02-24,45.243865966796875,45.2438663941209,0.1379386157524295,-45.243865966796875
2023-02-24,35.464019775390625,35.46401916412517,0.08525004753699669,-35.464019775390625
2023-02-24,77.2059326171875,77.2059315038359,0.32439467486213236,77.2059326171875
2023-02-24,26.099761962890625,26.099761891649152,0.0803069598858173,26.099761962890625
2023-02-24,36.929168701171875,36.929169362506485,0.09795535464501824,-36.929168701171875
2023-02-24,116.55819702148438,116.55819780934544,0.2691875219895713,-116.55819702148438
2023-02-25,83.39968872070312,83.39969005206943,0.19350275805267547,-83.39968872070312
2023-02-25,62.991668701171875,62.99166960363191,0.2799629720052083,62.991668701171875
2023-02-25,118.97064208984375,118.9706420587659,0.30427274191775894,-118.97064208984375
2023-02-25,48.099853515625,48.099853921458276,0.14531677799282477,48.099853515625
2023-02-25,110.06298828125,110.06298800289315,0.22553891041239754,-110.06298828125
2023-02-25,103.88287353515625,103.88287331022136,0.23397043588999156,-103.88287353515625
2023-02-25,123.24130249023438,123.24130373098339,0.4530930238611558,123.24130249023438
2023-02-25,33.608795166015625,33.60879568596497,0.1131609264849011,33.608795166015625
2023-02-25,86.22384643554688,86.22384680477032,0.22993025716145835,-86.22384643554688
2023-02-25,90.62533569335938,90.62533405110847,0.18647188414271476,-90.62533569335938
2023-02-25,83.02645874023438,83.02646003778705,0.295467824698343,83.02645874023438
2023-02-25,59.64752197265625,59.64752219746328,0.222565380494986,59.64752197265625
2023-02-26,123.79843139648438,123.7984319683109,0.2573771962504873,-123.79843139648438
2023-02-26,65.128173828125,65.12817515652308,0.23682972301136362,65.128173828125
2023-02-26,77.5762939453125,77.57629498093313,0.25772855131333056,77.5762939453125
2023-02-26,123.81829833984375,123.81829712576813,0.4299246470133464,123.81829833984375
2023-02-26,54.44659423828125,54.44659438959429,0.17229934885532042,54.44659423828125
2023-02-26,109.77459716796875,109.77459594123998,0.23658318355165678,-109.77459716796875
2023-02-26,43.397857666015625,43.397857359983796,0.1486228002260809,43.397857666015625
2023-02-26,28.030487060546875,28.03048681200469,0.09071355035775688,28.030487060546875
2023-02-26,141.8538818359375,141.85388058667976,0.29676544317141734,-141.8538818359375
2023-02-26,100.14694213867188,100.14694282028783,0.23675400032782948,-100.14694213867188
2023-02-26,11.36822509765625,11.368225092249311,0.032296094027432526,-11.36822509765625
2023-02-26,17.62103271484375,17.621032701207703,0.053722660715987046,17.62103271484375
2023-02-27,100.75860595703125,100.75860695245841,0.4014287089921564,100.75860595703125
2023-02-27,164.04684448242188,164.04684449113918,0.33547411959595475,-164.04684448242188
2023-02-27,37.943023681640625,37.943024335220365,0.1068817568496919,37.943023681640625
2023-02-27,41.5177001953125,41.51770083255906,0.12034115998641304,41.5177001953125
2023-02-27,172.51535034179688,172.5153525776764,0.35135509234581846,-172.51535034179688
2023-02-27,54.278289794921875,54.2782904345743,0.17796160588498974,54.278289794921875
2023-02-27,30.89422607421875,30.89422577173858,0.097766538209553,30.89422607421875
2023-02-27,46.811126708984375,46.811125751690966,0.0995981419340093,-46.811126708984375
2023-02-27,152.31912231445312,152.31912300947312,0.3095917120212462,-152.31912231445312
2023-02-27,64.58517456054688,64.58517344488787,0.18995639576631435,64.58517456054688
2023-02-27,132.72891235351562,132.72891487445378,0.6033132379705256,132.72891235351562
2023-02-27,51.832855224609375,51.832854208413266,0.12138841972976434,-51.832855224609375
2023-02-28,121.26150512695312,121.26150476990833,0.26247079031808035,-121.26150512695312
2023-02-28,137.84207153320312,137.84207449106387,0.2895841838932839,-137.84207153320312
2023-02-28,111.9354248046875,111.93542362675008,0.25439869273792615,-111.9354248046875
2023-02-28,77.61676025390625,77.61675932506458,0.24255237579345704,77.61676025390625
2023-02-28,67.21368408203125,67.21368312493186,0.20306248967381044,67.21368408203125
2023-02-28,162.90469360351562,162.90469438639576,0.7240208604600694,162.90469360351562
2023-02-28,86.2039794921875,86.20397889055064,0.18658870019954005,-86.2039794921875
2023-02-28,123.79092407226562,123.79092599772812,0.4534466083233173,123.79092407226562
2023-02-28,39.77459716796875,39.77459685135099,0.11698410931755515,39.77459716796875
2023-02-28,167.39566040039062,167.39565896589136,0.3368121939645687,-167.39566040039062
2023-02-28,2.027313232421875,2.027313290993794,0.005449766753822244,2.027313232421875
2023-02-28,13.73248291015625,13.732482849254833,0.03835889081049232,-13.73248291015625
2023-03-01,28.250946044921875,28.2509462991397,0.0786934430220665,-28.250946044921875
2023-03-01,17.5670166015625,17.56701645523997,0.05004848034633191,-17.5670166015625
2023-03-01,122.15481567382812,122.15481500180417,0.5603431911643492,122.15481567382812
2023-03-01,50.029541015625,50.0295420539205,0.14172674508675637,50.029541015625
2023-03-01,144.68853759765625,144.68853941311315,0.32809192199015025,-144.68853759765625
2023-03-01,130.18136596679688,130.18136387363592,0.5249248627693422,130.18136596679688
2023-03-01,105.03192138671875,105.03191944148455,0.3933779827217931,105.03192138671875
2023-03-01,10.543853759765625,10.543853733929545,0.030298430344154095,-10.543853759765625
2023-03-01,67.666259765625,67.66625936351144,0.1961340862771739,67.666259765625
2023-03-01,49.583648681640625,49.58364982610825,0.13547444994983776,-49.583648681640625
2023-03-01,121.01263427734375,121.01263412217544,0.28473561006433823,-121.01263427734375
2023-03-01,147.2452392578125,147.24523814456614,0.2992789415809197,-147.2452392578125
2023-03-02,56.864471435546875,56.864471467115344,0.17550762788749036,56.864471435546875
2023-03-02,125.17144775390625,125.17144882744827,0.2763166617084023,-125.17144775390625
2023-03-02,98.8880615234375,98.8880611237398,0.2018123704559949,-98.8880615234375
2023-03-02,71.47836303710938,71.47836211050166,0.2374696446415594,71.47836303710938
2023-03-02,112.24951171875,112.2495128051788,0.4776574966755319,112.24951171875
2023-03-02,14.09442138671875,14.094421235401526,0.03882760712594697,14.09442138671875
2023-03-02,33.01104736328125,33.01104736367623,0.09019411847891053,-33.01104736328125
2023-03-02,85.69439697265625,85.69439762992823,0.3093660540529107,85.69439697265625
2023-03-02,109.20950317382812,109.20950425815741,0.2279947874192654,-109.20950317382812
2023-03-02,40.05401611328125,40.05401626241743,0.11956422720382463,40.05401611328125
2023-03-02,4.45281982421875,4.452819813761078,0.013534406760543313,-4.45281982421875
2023-03-02,12.073516845703125,12.073516716690424,0.03056586543215981,-12.073516845703125
2023-03-03,116.8463134765625,116.84631165285022,0.5170190861794801,116.8463134765625
2023-03-03,44.34442138671875,44.34442168272127,0.1242140655090161,44.34442138671875
2023-03-03,75.12686157226562,75.1268621077458,0.16226104011288472,-75.12686157226562
2023-03-03,179.7388916015625,179.73888939062408,0.3601981795622495,-179.7388916015625
2023-03-03,12.16162109375,12.161621162364622,0.02988113290847666,-12.16162109375
2023-03-03,118.96844482421875,118.9684462827749,0.24279274453922195,-118.96844482421875
2023-03-03,167.14947509765625,167.14947581618375,0.334968887971255,-167.14947509765625
2023-03-03,40.13623046875,40.136230418258016,0.0827551143685567,-40.13623046875
2023-03-03,51.77789306640625,51.77789292074852,0.11329954719126094,-51.77789306640625
2023-03-03,115.35494995117188,115.35495068889544,0.23735586409706147,-115.35494995117188
2023-03-03,76.32369995117188,76.32369965421127,0.23198692994277165,76.32369995117188
2023-03-03,58.27447509765625,58.27447598032307,0.16940254388853562,58.27447509765625
2023-03-04,67.63308715820312,67.63308639268209,0.2232115087729476,67.63308715820312
2023-03-04,103.45343017578125,103.45343060859558,0.21642977024222018,-103.45343017578125
2023-03-04,147.72854614257812,147.72854381009108,0.5220089969702407,147.72854614257812
2023-03-04,15.89752197265625,15.897521856310656,0.04967975616455078,15.89752197265625
2023-03-04,116.76763916015625,116.7676395266471,0.24791430819566082,-116.76763916015625
2023-03-04,87.22894287109375,87.22894400297989,0.1908729603306209,-87.22894287109375
2023-03-04,91.35919189453125,91.35919194654143,0.21246323696402616,-91.35919189453125
2023-03-04,12.81817626953125,12.81817650072392,0.036623360770089285,12.81817626953125
2023-03-04,198.988037109375,198.98803552286756,0.9850892926206684,198.988037109375
2023-03-04,68.44723510742188,68.44723461018165,0.25829145323555425,68.44723510742188
2023-03-04,0.10308837890625,0.10308837890625,0.00027200099975263853,-0.10308837890625
2023-03-04,51.50579833984375,51.50579742095787,0.15104339689103738,51.50579833984375
2023-03-05,20.484130859375,20.484130671693148,0.05057810088734568,-20.484130859375
2023-03-05,148.05007934570312,148.05007994552045,0.3021430190728635,-148.05007934570312
2023-03-05,56.8701171875,56.87011697788325,0.18956705729166667,56.8701171875
2023-03-05,23.1602783203125,23.16027846411084,0.06397866939312845,-23.1602783203125
2023-03-05,85.79287719726562,85.79287831020707,0.32252961352355497,85.79287719726562
2023-03-05,47.092742919921875,47.0927416738437,0.13769807871322184,-47.092742919921875
2023-03-05,26.737457275390625,26.737456901554793,0.07489483830641631,26.737457275390625
2023-03-05,79.28643798828125,79.28643866052221,0.1810192648134275,-79.28643798828125
2023-03-05,74.6978759765625,74.69787454096334,0.35069425341109156,74.6978759765625
2023-03-05,15.91351318359375,15.913513084219984,0.04359866625642123,-15.91351318359375
2023-03-05,189.79873657226562,189.79873180226994,0.4117109253194482,-189.79873657226562
2023-03-05,36.2796630859375,36.27966357696571,0.11027253217610182,36.2796630859375
2023-03-06,195.09454345703125,195.09454839256784,0.870957783290318,195.09454345703125
2023-03-06,163.73358154296875,163.7335809993631,0.7476419248537386,163.73358154296875
2023-03-06,76.07501220703125,76.0750137354161,0.16830754913060011,-76.07501220703125
2023-03-06,80.37814331054688,80.37814377113813,0.1774351949460196,-80.37814331054688
2023-03-06,131.178955078125,131.1789539855765,0.44618692203443877,131.178955078125
2023-03-06,178.96926879882812,178.96927110540514,0.7989699499947684,178.96926879882812
2023-03-06,104.0718994140625,104.07189803658575,0.4932317507775474,104.0718994140625
2023-03-06,153.9080810546875,153.90808057286986,0.6870896475655692,153.9080810546875
2023-03-06,65.76889038085938,65.768889872036,0.2229453911215572,65.76889038085938
2023-03-06,71.47402954101562,71.47403101389344,0.19909200429252263,-71.47402954101562
2023-03-06,89.11367797851562,89.11367773015402,0.20392145990507007,-89.11367797851562
2023-03-06,77.0750732421875,77.07507310753101,0.2494338939876618,77.0750732421875
2023-03-07,44.0283203125,44.028320908163046,0.13382468180091187,44.0283203125
2023-03-07,97.5682373046875,97.56823533750624,0.21585893209001658,-97.5682373046875
2023-03-07,4.192352294921875,4.192352216614713,0.010777255256868573,-4.192352294921875
2023-03-07,53.35107421875,53.351074574024516,0.1270263671875,-53.35107421875
2023-03-07,114.23675537109375,114.23675473687311,0.25329657510220344,-114.23675537109375
2023-03-07,5.531005859375,5.5310058539867715,0.01580287388392857,-5.531005859375
2023-03-07,152.83758544921875,152.83758740898784,0.7492038502412683,152.83758544921875
2023-03-07,148.42562866210938,148.4256311044356,0.32336738270612064,-148.42562866210938
2023-03-07,90.36532592773438,90.365325705404,0.3204444181834552,90.36532592773438
2023-03-07,108.57806396484375,108.57806541407201,0.3619268798828125,108.57806396484375
2023-03-07,114.64962768554688,114.64962760242616,0.2481593672847335,-114.64962768554688
2023-03-07,8.02752685546875,8.027526704879817,0.023067605906519396,8.02752685546875
2023-03-08,26.68743896484375,26.687439393593362,0.08038385230374623,26.68743896484375
2023-03-08,88.70651245117188,88.70651168230971,0.20114855431104733,-88.70651245117188
2023-03-08,5.76312255859375,5.763122511729651,0.015166111996299343,-5.76312255859375
2023-03-08,25.43548583984375,25.435485610120683,0.07185165491481285,25.43548583984375
2023-03-08,44.235687255859375,44.23568718249794,0.13126316693133347,44.235687255859375
2023-03-08,84.40383911132812,84.40384055705789,0.3197115117853338,84.40383911132812
2023-03-08,156.79763793945312,156.79764028836658,0.7361391452556485,156.79763793945312
2023-03-08,39.68316650390625,39.68316597890565,0.12597830636160715,39.68316650390625
2023-03-08,108.30935668945312,108.30935782372407,0.24339181278528793,-108.30935668945312
2023-03-08,19.781005859375,19.781006243561336,0.05510029487291086,19.781005859375
2023-03-08,42.601470947265625,42.60147152360541,0.09907318824945494,-42.601470947265625
2023-03-08,0.7308349609375,0.7308349507428855,0.001888462431363049,0.7308349609375
2023-03-09,83.48971557617188,83.48971622208181,0.18719667169545262,-83.48971557617188
2023-03-09,38.37921142578125,38.379211393507035,0.12301029303135017,38.37921142578125
2023-03-09,28.255523681640625,28.255523951770254,0.06632752037943809,-28.255523681640625
2023-03-09,219.07339477539062,219.07339487886244,1.048198061126271,219.07339477539062
2023-03-09,120.70944213867188,120.70944259356847,0.2676484304626871,-120.70944213867188
2023-03-09,88.51043701171875,88.51043812031438,0.19452843299278846,-88.51043701171875
2023-03-09,21.196868896484375,21.19686889558367,0.053662959231606015,21.196868896484375
2023-03-09,70.70181274414062,70.70181110657633,0.28624215685886895,70.70181274414062
2023-03-09,116.49691772460938,116.49691938657648,0.5393375820583768,116.49691772460938
2023-03-09,63.212554931640625,63.212555306976,0.26229275905245075,63.212554931640625
2023-03-09,178.842529296875,178.84252959132792,0.3757195993631828,-178.842529296875
2023-03-09,20.244110107421875,20.244110381218363,0.061719847888481325,20.244110107421875
2023-03-10,96.3175048828125,96.31750372303831,0.3367744925972465,96.3175048828125
2023-03-10,71.27096557617188,71.27096388410044,0.19158861714024697,-71.27096557617188
2023-03-10,155.48745727539062,155.4874580452552,0.3266543220071232,-155.48745727539062
2023-03-10,7.37017822265625,7.370178198141703,0.017845467851467917,-7.37017822265625
2023-03-10,143.68820190429688,143.68820003091764,0.6652231569643374,143.68820190429688
2023-03-10,97.12515258789062,97.12515082034622,0.3153414045061384,97.12515258789062
2023-03-10,91.15374755859375,91.15374846584753,0.21347481863839285,-91.15374755859375
2023-03-10,32.726531982421875,32.72653172742645,0.08202138341459117,-32.726531982421875
2023-03-10,104.98715209960938,104.98715044143498,0.22823293934697692,-104.98715209960938
2023-03-10,59.35205078125,59.352051486237606,0.14476109946646343,-59.35205078125
2023-03-10,90.78085327148438,90.78085197847341,0.3265498319118143,90.78085327148438
2023-03-10,130.82574462890625,130.825742879603,0.5763248662066355,130.82574462890625
2023-03-11,147.4903564453125,147.4903532332708,0.35454412607046276,-147.4903564453125
2023-03-11,109.53457641601562,109.53457555579197,0.2340482402051616,-109.53457641601562
2023-03-11,116.1759033203125,116.17590464598285,0.4194075932141246,116.1759033203125
2023-03-11,17.004486083984375,17.00448638956928,0.04001055549172794,-17.004486083984375
2023-03-11,14.31988525390625,14.319885214233672,0.039448719707730714,-14.31988525390625
2023-03-11,88.1192626953125,88.11926233537847,0.21030850285277447,-88.1192626953125
2023-03-11,102.296875,102.29687380670535,0.21005518480492813,-102.296875
2023-03-11,63.196014404296875,63.196015128526895,0.2548226387270035,63.196014404296875
2023-03-11,195.62261962890625,195.62262378748528,0.9450368098014794,195.62261962890625
2023-03-11,6.566741943359375,6.566742025546468,0.017190423935495747,-6.566741943359375
2023-03-11,65.88177490234375,65.88177443819345,0.14017398915392287,-65.88177490234375
2023-03-11,21.600921630859375,21.600921808988776,0.06448036307719217,-21.600921630859375
2023-03-12,123.29818725585938,123.2981887919486,0.2834441086341595,-123.29818725585938
2023-03-12,77.04608154296875,77.04608122943372,0.35505106701828915,77.04608154296875
2023-03-12,62.173187255859375,62.17318655942548,0.14227273971592536,-62.173187255859375
2023-03-12,68.00967407226562,68.00967517911513,0.2138668995983196,68.00967407226562
2023-03-12,79.62118530273438,79.62118564254742,0.17049504347480593,-79.62118530273438
2023-03-12,24.663909912109375,24.663910307972,0.06612308287428786,-24.663909912109375
2023-03-12,5.521881103515625,5.521881100058087,0.015867474435389727,-5.521881103515625
2023-03-12,113.04421997070312,113.04422185034493,0.2604705529278874,-113.04421997070312
2023-03-12,5.12481689453125,5.124816891260147,0.011263333834134616,-5.12481689453125
2023-03-12,40.94940185546875,40.94940189581528,0.1275682300793419,40.94940185546875
2023-03-12,55.1502685546875,55.15026746946133,0.17074386549438855,55.1502685546875
2023-03-12,48.743255615234375,48.74325624429368,0.11830887285251061,-48.743255615234375
2023-03-13,50.82647705078125,50.82647745562223,0.15172082701725748,50.82647705078125
2023-03-13,64.62051391601562,64.62051559030034,0.14047937807829483,-64.62051391601562
2023-03-13,49.606964111328125,49.60696352406711,0.1728465648478332,49.606964111328125
2023-03-13,130.0048828125,130.00488272080398,0.6435885287747525,130.0048828125
2023-03-13,115.0628662109375,115.06286495053476,0.23871963944177904,-115.0628662109375
2023-03-13,128.80429077148438,128.80428922157444,0.26612456770967846,-128.80429077148438
2023-03-13,3.30389404296875,3.3038940920169715,0.008515190832393686,-3.30389404296875
2023-03-13,78.5509033203125,78.55090469820351,0.16364771525065105,-78.5509033203125
2023-03-13,95.48440551757812,95.48440440393918,0.20893743001658233,-95.48440551757812
2023-03-13,3.46246337890625,3.462463318117476,0.010094645419551749,3.46246337890625
2023-03-13,130.91580200195312,130.91580219982995,0.2744566079705516,-130.91580200195312
2023-03-13,184.55801391601562,184.55801298304553,0.805930191772994,184.55801391601562
2023-03-14,97.96383666992188,97.96383560241759,0.3233129923099732,97.96383666992188
2023-03-14,59.955474853515625,59.955474608636656,0.1557285061130276,-59.955474853515625
2023-03-14,122.88311767578125,122.88311821477961,0.48570402243391797,122.88311767578125
2023-03-14,117.75543212890625,117.7554321331929,0.4377525357951905,117.75543212890625
2023-03-14,143.37310791015625,143.373106460905,0.6762882448592276,143.37310791015625
2023-03-14,9.80810546875,9.808105651062409,0.03441440515350877,9.80810546875
2023-03-14,51.590606689453125,51.59060786918972,0.1946815346771816,51.590606689453125
2023-03-14,125.04458618164062,125.04458579842631,0.5709798455782676,125.04458618164062
2023-03-14,140.783203125,140.78320267791182,0.6736038427033493,140.783203125
2023-03-14,131.14141845703125,131.141420861698,0.3049800429233285,-131.14141845703125
2023-03-14,30.1483154296875,30.148315018214532,0.09108252395675982,-30.1483154296875
2023-03-14,100.837646484375,100.8376441055125,0.4734161806778169,100.837646484375
2023-03-15,15.78607177734375,15.786071645073655,0.041002783837256494,-15.78607177734375
2023-03-15,90.75265502929688,90.75265255248742,0.22134793909584605,-90.75265502929688
2023-03-15,164.51986694335938,164.5198684334965,0.34855904013423594,-164.51986694335938
2023-03-15,70.244140625,70.24414038062179,0.16489234888497653,-70.244140625
2023-03-15,162.4759521484375,162.47595374970106,0.7285917136701233,162.4759521484375
2023-03-15,24.417388916015625,24.417388523441392,0.07727021808865704,24.417388916015625
2023-03-15,27.26153564453125,27.26153600248606,0.0885114793653612,-27.26153564453125
2023-03-15,48.53326416015625,48.53326470785913,0.11555539085751489,-48.53326416015625
2023-03-15,54.013671875,54.013672404684954,0.13469743609725685,-54.013671875
2023-03-15,38.771240234375,38.77124071325694,0.10829955372730447,-38.771240234375
2023-03-15,69.16751098632812,69.16751066252132,0.150691745068253,-69.16751098632812
2023-03-15,82.56411743164062,82.56411748510214,0.2111614256563699,-82.56411743164062
2023-03-16,4.84033203125,4.840332006621671,0.012192272119017633,4.84033203125
2023-03-16,118.137939453125,118.13793745289868,0.4543766902043269,118.137939453125
2023-03-16,49.448974609375,49.448975438071514,0.1711037183715398,49.448974609375
2023-03-16,29.538299560546875,29.53830004305586,0.09318075571150433,29.538299560546875
2023-03-16,117.31185913085938,117.31185901529734,0.25613943041672355,-117.31185913085938
2023-03-16,10.984954833984375,10.984954948905898,0.03184044879415761,-10.984954833984375
2023-03-16,60.64141845703125,60.64141812158481,0.18774432958833204,60.64141845703125
2023-03-16,25.314849853515625,25.31484966910788,0.06805067164923555,-25.314849853515625
2023-03-16,27.930206298828125,27.930206507415498,0.07311572329536159,-27.930206298828125
2023-03-16,40.410552978515625,40.410553292213315,0.10178980599122324,-40.410552978515625
2023-03-16,53.477813720703125,53.477812827786344,0.12181734332734197,-53.477813720703125
2023-03-16,95.07620239257812,95.0762029900227,0.2112804497612847,-95.07620239257812
2023-03-17,127.05368041992188,127.05368036901764,0.5082147216796875,127.05368041992188
2023-03-17,1.08258056640625,1.0825805922146543,0.002797365804667313,1.08258056640625
2023-03-17,29.434051513671875,29.434051765265217,0.09056631234975962,29.434051513671875
2023-03-17,21.68804931640625,21.688049485339054,0.056924013953822176,-21.68804931640625
2023-03-17,98.98712158203125,98.98712136087451,0.36798186461721655,98.98712158203125
2023-03-17,47.185333251953125,47.18533211079742,0.15781047910352217,47.185333251953125
2023-03-17,19.446380615234375,19.446380451037268,0.05928774577815358,19.446380615234375
2023-03-17,60.386138916015625,60.38613946795862,0.2211946480440133,60.386138916015625
2023-03-17,95.60598754882812,95.6059876933056,0.40683398956948136,95.60598754882812
2023-03-17,43.259002685546875,43.25900263059413,0.13646373086923305,43.259002685546875
2023-03-17,100.15673828125,100.15673751831426,0.37371917269123134,100.15673828125
2023-03-17,80.24737548828125,80.2473744946291,0.342937502086672,80.24737548828125
2023-03-18,23.97186279296875,23.971862829566067,0.07859627145235656,23.97186279296875
2023-03-18,1.6065673828125,1.6065673781749226,0.004475118057973538,1.6065673828125
2023-03-18,122.28887939453125,122.28888057587247,0.45460549960792285,122.28887939453125
2023-03-18,52.359405517578125,52.35940530810821,0.14832692781183604,52.359405517578125
2023-03-18,67.84429931640625,67.84430057929517,0.17806902707718175,-67.84429931640625
2023-03-18,36.05859375,36.058593538416744,0.08030867204899778,-36.05859375
2023-03-18,61.0673828125,61.06738361676285,0.14574554370525059,-61.0673828125
2023-03-18,21.531982421875,21.531982763746612,0.06295901292945906,21.531982421875
2023-03-18,123.40509033203125,123.40509068207032,0.5609322287819603,123.40509033203125
2023-03-18,135.32562255859375,135.32562003368025,0.6569204978572513,135.32562255859375
2023-03-18,31.521514892578125,31.521514811253816,0.07382087796856704,-31.521514892578125
2023-03-18,41.4984130859375,41.49841305559542,0.09904155867765513,-41.4984130859375
2023-03-19,82.09280395507812,82.09280428652075,0.20782988343057754,-82.09280395507812
2023-03-19,40.5281982421875,40.52819897441009,0.11257832845052083,-40.5281982421875
2023-03-19,25.500274658203125,25.500275255101414,0.08585951063368055,25.500274658203125
2023-03-19,109.82647705078125,109.82647890536235,0.45382841756521175,109.82647705078125
2023-03-19,154.86428833007812,154.86428660483668,0.7591386682846967,154.86428833007812
2023-03-19,103.14688110351562,103.1468821481047,0.3619188810649671,103.14688110351562
2023-03-19,17.409912109375,17.40991216244086,0.051055460731304986,17.409912109375
2023-03-19,41.96295166015625,41.96295130500907,0.14128939952914563,41.96295166015625
2023-03-19,133.431640625,133.43163775179033,0.6065074573863637,133.431640625
2023-03-19,101.23684692382812,101.23684810414882,0.3552170067502741,101.23684692382812
2023-03-19,1.545440673828125,1.545440702452855,0.00440296488270121,-1.545440673828125
2023-03-19,17.608612060546875,17.608612450215237,0.06156857363827579,17.608612060546875
2023-03-20,0.282562255859375,0.28256225421137965,0.0009085603082295016,-0.282562255859375
2023-03-20,64.03863525390625,64.03863503654453,0.16378167584119246,-64.03863525390625
2023-03-20,20.4759521484375,20.47595218591609,0.04957857663059927,-20.4759521484375
2023-03-20,19.266143798828125,19.266143767093013,0.05946340678650656,-19.266143798828125
2023-03-20,47.248809814453125,47.24880899209921,0.1769618345110604,47.248809814453125
2023-03-20,136.01187133789062,136.01186902482078,0.6210587732323772,136.01187133789062
2023-03-20,99.44683837890625,99.4468392063066,0.36162486683238637,99.44683837890625
2023-03-20,30.02606201171875,30.026061881136588,0.10109785189130892,-30.02606201171875
2023-03-20,72.0198974609375,72.01989810223456,0.2791468893834787,72.0198974609375
2023-03-20,117.26611328125,117.2661152971096,0.5076455120400433,117.26611328125
2023-03-20,126.17938232421875,126.17938154914613,0.29275958775920824,-126.17938232421875
2023-03-20,32.67388916015625,32.67388877701122,0.07911353307543886,-32.67388916015625
2023-03-21,22.26129150390625,22.26129138199625,0.05904851857800066,-22.26129150390625
2023-03-21,4.01275634765625,4.012756272923112,0.013243420289294554,4.01275634765625
2023-03-21,2.46875,2.46875,0.008692781690140846,-2.46875
2023-03-21,62.373626708984375,62.37362614343702,0.2566815913949974,62.373626708984375
2023-03-21,48.292266845703125,48.29226714916427,0.1315865581626788,-48.292266845703125
2023-03-21,182.04971313476562,182.04971204660006,0.38085714044930047,-182.04971313476562
2023-03-21,91.76913452148438,91.76913543643091,0.19650778270125133,-91.76913452148438
2023-03-21,141.78103637695312,141.78103303377713,0.3042511510235046,-141.78103637695312
2023-03-21,144.51266479492188,144.5126643455514,0.5874498568899263,144.51266479492188
2023-03-21,74.64410400390625,74.64410350121435,0.1752209014176203,-74.64410400390625
2023-03-21,148.18585205078125,148.1858524792431,0.2987617984894783,-148.18585205078125
2023-03-21,35.070892333984375,35.07089290703724,0.13234298993956367,35.070892333984375
2023-03-22,120.9888916015625,120.98889008267453,0.5844873990413647,120.9888916015625
2023-03-22,49.4002685546875,49.400267960906596,0.13173404947916667,-49.4002685546875
2023-03-22,27.82037353515625,27.82037392930595,0.0827987307593936,27.82037353515625
2023-03-22,104.18170166015625,104.18170256065841,0.2341161835059691,-104.18170166015625
2023-03-22,123.9735107421875,123.97351185081835,0.2706845212711517,-123.9735107421875
2023-03-22,46.832550048828125,46.832551092129016,0.11177219582059218,-46.832550048828125
2023-03-22,134.51547241210938,134.5154716357007,0.6256533600563227,134.51547241210938
2023-03-22,86.54107666015625,86.54107643284921,0.18491683047041935,-86.54107666015625
2023-03-22,48.094482421875,48.094483526732304,0.1597823336274917,48.094482421875
2023-03-22,100.80474853515625,100.80475016709282,0.21961818852975218,-100.80474853515625
2023-03-22,85.68472290039062,85.68472198724373,0.2620327917443138,85.68472290039062
2023-03-22,9.65655517578125,9.656555368477553,0.031352451869419644,9.65655517578125
2023-03-23,35.49114990234375,35.491149658774965,0.09997507014744718,-35.49114990234375
2023-03-23,73.25930786132812,73.25930841559487,0.1778138540323498,-73.25930786132812
2023-03-23,10.451690673828125,10.451690712277951,0.02887207368460808,-10.451690673828125
2023-03-23,140.2294921875,140.2294924289288,0.28913297358247425,-140.2294921875
2023-03-23,50.898162841796875,50.89816349216345,0.15284733586125188,50.898162841796875
2023-03-23,55.82354736328125,55.823548388538505,0.1691622647372159,55.82354736328125
2023-03-23,45.319671630859375,45.31967076881462,0.1147333459009098,-45.319671630859375
2023-03-23,33.888641357421875,33.88864210139678,0.0971021242333005,-33.888641357421875
2023-03-23,89.11553955078125,89.11554067525906,0.3252391954408075,89.11553955078125
2023-03-23,15.092987060546875,15.092987230823615,0.038899451186976484,-15.092987060546875
2023-03-23,4.68975830078125,4.689758367109133,0.01328543427983357,4.68975830078125
2023-03-23,40.6065673828125,40.60656733272187,0.1322689491296824,40.6065673828125
2023-03-24,143.2818603515625,143.28186000415405,0.30420777144705413,-143.2818603515625
2023-03-24,31.44488525390625,31.44488547846702,0.09616172860521789,31.44488525390625
2023-03-24,138.76617431640625,138.76617304390143,0.2814729702158342,-138.76617431640625
2023-03-24,138.93551635742188,138.93551786710265,0.6946775817871094,138.93551635742188
2023-03-24,54.2294921875,54.229492811799375,0.17161231704905064,54.2294921875
2023-03-24,21.95843505859375,21.958435328594753,0.05408481541525554,-21.95843505859375
2023-03-24,155.97799682617188,155.9779944916109,0.7089908946644176,155.97799682617188
2023-03-24,157.6295166015625,157.62951644005318,0.3230113045113986,-157.6295166015625
2023-03-24,34.394287109375,34.39428791261167,0.0859857177734375,-34.394287109375
2023-03-24,116.17074584960938,116.17074751470355,0.48811237751936715,116.17074584960938
2023-03-24,112.97262573242188,112.9726270081607,0.2527351806094449,-112.97262573242188
2023-03-24,139.49319458007812,139.493195398557,0.2967940310214428,-139.49319458007812
2023-03-25,69.84161376953125,69.84161420112474,0.16708520040557714,-69.84161376953125
2023-03-25,117.71359252929688,117.7135940933544,0.25098847021172044,-117.71359252929688
2023-03-25,72.89602661132812,72.89602572435791,0.2513656090045797,72.89602661132812
2023-03-25,27.261138916015625,27.261138599375762,0.06429513895286704,-27.261138916015625
2023-03-25,6.86151123046875,6.861511314893685,0.016573698624320652,-6.86151123046875
2023-03-25,109.2279052734375,109.22790555330859,0.22755813598632812,-109.2279052734375
2023-03-25,66.5299072265625,66.52990692632149,0.14035845406447786,-66.5299072265625
2023-03-25,136.7373046875,136.73730231268277,0.5581114477040816,136.7373046875
2023-03-25,163.26431274414062,163.26431431309476,0.6977107382228231,163.26431274414062
2023-03-25,44.442535400390625,44.44253498638017,0.11946918118384577,44.442535400390625
2023-03-25,89.27508544921875,89.27508619780212,0.29857888110106606,89.27508544921875
2023-03-25,57.6142578125,57.61425681105871,0.18645390877831716,57.6142578125
2023-03-26,119.79464721679688,119.79464851361266,0.44042149712057677,119.79464721679688
2023-03-26,118.55291748046875,118.55291622441221,0.2544054023186025,-118.55291748046875
2023-03-26,40.671173095703125,40.67117267929922,0.0954722373138571,-40.671173095703125
2023-03-26,7.583251953125,7.583251980635131,0.021064588758680555,-7.583251953125
2023-03-26,8.0736083984375,8.07360831630549,0.02261514957545518,-8.0736083984375
2023-03-26,36.354217529296875,36.354217779930636,0.11396306435516262,36.354217529296875
2023-03-26,103.92364501953125,103.92364516046143,0.22890670709147853,-103.92364501953125
2023-03-26,32.689117431640625,32.689116983189145,0.07764635969510837,-32.689117431640625
2023-03-26,29.41448974609375,29.41448995373337,0.08103165219309573,29.41448974609375
2023-03-26,99.10992431640625,99.10992555617223,0.37973151079082856,99.10992431640625
2023-03-26,80.23672485351562,80.23672556196601,0.17329746188664283,-80.23672485351562
2023-03-26,99.70516967773438,99.70517084760449,0.20557766943862757,-99.70516967773438
2023-03-27,68.4683837890625,68.46838272950333,0.17117095947265626,-68.4683837890625
2023-03-27,195.50665283203125,195.50665349931188,0.861262787806305,195.50665283203125
2023-03-27,58.37030029296875,58.370301018716916,0.12856894337658314,-58.37030029296875
2023-03-27,63.845550537109375,63.845551094271634,0.17934143409300385,-63.845550537109375
2023-03-27,125.30490112304688,125.30490157761187,0.5855369211357331,125.30490112304688
2023-03-27,139.35629272460938,139.35629078462873,0.5955397124983307,139.35629272460938
2023-03-27,102.37860107421875,102.37860093636512,0.4945826138851147,102.37860107421875
2023-03-27,78.907958984375,78.90795790230857,0.18308111133265662,-78.907958984375
2023-03-27,71.06076049804688,71.06076157724107,0.17123074818806475,-71.06076049804688
2023-03-27,113.67703247070312,113.6770327438111,0.5052312554253472,113.67703247070312
2023-03-27,69.8218994140625,69.82189954627417,0.14699347245065789,-69.8218994140625
2023-03-27,47.14862060546875,47.14862067590764,0.17144952947443182,47.14862060546875
2023-03-28,106.41522216796875,106.41522080393388,0.2308356229240103,-106.41522216796875
2023-03-28,19.048431396484375,19.048431508130054,0.048469291085201975,-19.048431396484375
2023-03-28,3.31884765625,3.31884762033112,0.008553731072809278,-3.31884765625
2023-03-28,14.108184814453125,14.108184798048912,0.036267827286511886,14.108184814453125
2023-03-28,130.46490478515625,130.4649063805091,0.4514356566960424,130.46490478515625
2023-03-28,81.89883422851562,81.89883360166066,0.17960270664148165,-81.89883422851562
2023-03-28,101.5902099609375,101.5902077589174,0.3694189453125,101.5902099609375
2023-03-28,54.451507568359375,54.45150867400278,0.15968184037642044,54.451507568359375
2023-03-28,104.572021484375,104.57202119681679,0.2239229582106531,-104.572021484375
2023-03-28,113.13446044921875,113.13446093034607,0.2594827074523366,-113.13446044921875
2023-03-28,83.90411376953125,83.90411426518368,0.287342855375107,83.90411376953125
2023-03-28,77.244873046875,77.24487366688162,0.16025907271135892,-77.244873046875
2023-03-29,90.69140625,90.69140885786813,0.2944526176948052,90.69140625
2023-03-29,81.52130126953125,81.52130185571131,0.20849437664841752,-81.52130126953125
2023-03-29,178.94125366210938,178.94125476326022,0.7582256511106329,178.94125366210938
2023-03-29,154.27084350585938,154.27084036686907,0.642795181274414,154.27084350585938
2023-03-29,116.68374633789062,116.68374642463063,0.4522625827050024,116.68374633789062
2023-03-29,60.7193603515625,60.719361165220604,0.22405668026406828,60.7193603515625
2023-03-29,135.73751831054688,135.73751813012126,0.6284144366229022,135.73751831054688
2023-03-29,28.18109130859375,28.181090985981296,0.0864450653637845,-28.18109130859375
2023-03-29,7.91064453125,7.910644516180521,0.02593653944672131,-7.91064453125
2023-03-29,30.535491943359375,30.5354918048756,0.0832029753225051,-30.535491943359375
2023-03-29,93.2225341796875,93.22253177042286,0.21579290319372108,-93.2225341796875
2023-03-29,62.637359619140625,62.637358826048256,0.14107513427734375,-62.637359619140625
2023-03-30,40.07403564453125,40.074035792849244,0.14160436623509276,40.07403564453125
2023-03-30,42.8603515625,42.86035190738639,0.11905653211805556,-42.8603515625
2023-03-30,94.262451171875,94.262453587046,0.21326346418976244,-94.262451171875
2023-03-30,96.42398071289062,96.42398033878813,0.33364699208612675,96.42398071289062
2023-03-30,58.39404296875,58.39404299937195,0.1277768992751641,-58.39404296875
2023-03-30,123.40704345703125,123.4070452937149,0.28110943839870445,-123.40704345703125
2023-03-30,38.955413818359375,38.95541415505921,0.11066878925670277,38.955413818359375
2023-03-30,58.660919189453125,58.66091983275577,0.1695402288712518,58.660919189453125
2023-03-30,6.9127197265625,6.912719734107152,0.019363360578606444,6.9127197265625
2023-03-30,11.585662841796875,11.585662900277532,0.033581631425498186,-11.585662841796875
2023-03-30,116.235107421875,116.23510909332644,0.2588755176433742,-116.235107421875
2023-03-30,64.21240234375,64.21240084185453,0.1551024211201691,-64.21240234375
2023-03-31,130.24234008789062,130.24233722661,0.27889152053081506,-130.24234008789062
2023-03-31,116.04360961914062,116.04360878835594,0.23443153458412247,-116.04360961914062
2023-03-31,163.798095703125,163.79809646711405,0.3322476586270284,-163.798095703125
2023-03-31,39.262786865234375,39.26278653190575,0.12830976099749797,39.262786865234375
2023-03-31,43.44085693359375,43.44085671607505,0.14577468769662333,43.44085693359375
2023-03-31,59.199371337890625,59.199372241841594,0.14368779450944327,-59.199371337890625
2023-03-31,7.661651611328125,7.6616515743142095,0.01815557253869224,7.661651611328125
2023-03-31,2.018402099609375,2.0184020790763726,0.005033421694786471,2.018402099609375
2023-03-31,87.86041259765625,87.86041286289007,0.21481763471309598,-87.86041259765625
2023-03-31,133.48861694335938,133.48861725817673,0.560876541778821,133.48861694335938
2023-03-31,69.382568359375,69.38256926612584,0.21956508974485758,69.382568359375
2023-03-31,73.74655151367188,73.74655050195568,0.2605885212497239,73.74655151367188
